{
    "Cartman": {
        "Season 1": 3.6231884057971016,
        "Season 2": 2.439664218258132,
        "Season 3": 1.3865546218487395,
        "Season 4": 1.8039895923677365,
        "Season 5": 1.6,
        "Season 6": 1.1113277441996492,
        "Season 7": 1.0418676442214934,
        "Season 8": 1.5927794000530928,
        "Season 9": 0.8350730688935281,
        "Season 10": 1.0443258296588536,
        "Season 11": 1.7656090071647903,
        "Season 12": 2.198743575099943,
        "Season 13": 2.2023685850820693,
        "Season 14": 2.7466570292735812,
        "Season 15": 1.7940525927746376,
        "Season 16": 2.218355806872553,
        "Season 17": 1.3594688586784698,
        "Season 18": 2.983751846381093
    },
    "Stan": {
        "Season 1": 2.435769102435769,
        "Season 2": 1.4396456256921373,
        "Season 3": 1.8923327895595432,
        "Season 4": 1.973066082054494,
        "Season 5": 1.8943974203950018,
        "Season 6": 1.024428684003152,
        "Season 7": 0.9345794392523363,
        "Season 8": 0.9492515516611902,
        "Season 9": 0.5194805194805194,
        "Season 10": 0.4143646408839779,
        "Season 11": 0.5649717514124294,
        "Season 12": 0.7570977917981072,
        "Season 13": 2.132564841498559,
        "Season 14": 2.0956123117223315,
        "Season 15": 3.519061583577713,
        "Season 16": 0.516795865633075,
        "Season 17": 1.376720901126408,
        "Season 18": 1.2138188608776845
    },
    "Kyle": {
        "Season 1": 2.634683444750295,
        "Season 2": 2.3106904231625833,
        "Season 3": 2.661752661752662,
        "Season 4": 2.0106688551497744,
        "Season 5": 1.8626734842951058,
        "Season 6": 1.437847866419295,
        "Season 7": 1.4181678804139517,
        "Season 8": 1.6236867239732569,
        "Season 9": 1.164021164021164,
        "Season 10": 2.1240916713247624,
        "Season 11": 1.5954415954415955,
        "Season 12": 0.8935219657483247,
        "Season 13": 2.165506573859242,
        "Season 14": 1.9572953736654803,
        "Season 15": 1.2352941176470587,
        "Season 16": 1.825221238938053,
        "Season 17": 1.7793594306049825,
        "Season 18": 1.2696493349455864
    },
    "Randy": {
        "Season 1": 0.0,
        "Season 2": 0.8948545861297539,
        "Season 3": 1.4705882352941175,
        "Season 4": 0.6355932203389831,
        "Season 5": 1.0,
        "Season 6": 0.3861003861003861,
        "Season 7": 0.9057971014492754,
        "Season 8": 0.5148005148005148,
        "Season 9": 0.6939625260235947,
        "Season 10": 0.5563282336578581,
        "Season 11": 1.1691348402182384,
        "Season 12": 0.9666080843585236,
        "Season 13": 0.9305654974946312,
        "Season 14": 1.4533258803801008,
        "Season 15": 1.39426800929512,
        "Season 16": 1.043338683788122,
        "Season 17": 1.0126582278481013,
        "Season 18": 1.5572105619498984
    },
    "Butters": {
        "Season 1": 0,
        "Season 2": 0.0,
        "Season 3": 0.684931506849315,
        "Season 4": 1.5988372093023258,
        "Season 5": 0.8915304606240713,
        "Season 6": 0.15372790161414296,
        "Season 7": 0.09337068160597572,
        "Season 8": 0.06172839506172839,
        "Season 9": 0.2628120893561104,
        "Season 10": 0.7299270072992701,
        "Season 11": 0.6188118811881188,
        "Season 12": 0.26292725679228746,
        "Season 13": 2.428393524283935,
        "Season 14": 1.812688821752266,
        "Season 15": 0.31678986272439286,
        "Season 16": 0.2051983584131327,
        "Season 17": 0.7525870178739417,
        "Season 18": 0.831353919239905
    },
    "Mr. Garrison": {
        "Season 1": 1.6255267910897049,
        "Season 2": 1.834189288334556,
        "Season 3": 2.560124127230411,
        "Season 4": 1.6356877323420074,
        "Season 5": 3.858520900321544,
        "Season 6": 2.840909090909091,
        "Season 7": 2.769230769230769,
        "Season 8": 2.857142857142857,
        "Season 9": 0.0,
        "Season 10": 0,
        "Season 11": 0,
        "Season 12": 0.42194092827004215,
        "Season 13": 0.0,
        "Season 14": 0.0,
        "Season 15": 0.0,
        "Season 16": 0.0,
        "Season 17": 0.0,
        "Season 18": 3.488372093023256
    },
    "Chef": {
        "Season 1": 2.1149674620390453,
        "Season 2": 1.2221423436376708,
        "Season 3": 0.594059405940594,
        "Season 4": 2.696629213483146,
        "Season 5": 2.5114155251141552,
        "Season 6": 1.1666666666666667,
        "Season 7": 1.1173184357541899,
        "Season 8": 0.40816326530612246,
        "Season 9": 0.0,
        "Season 10": 1.257861635220126,
        "Season 11": 0,
        "Season 12": 0.0,
        "Season 13": 0,
        "Season 14": 0,
        "Season 15": 0,
        "Season 16": 0,
        "Season 17": 0,
        "Season 18": 0
    },
    "Mr. Mackey": {
        "Season 1": 0.4694835680751174,
        "Season 2": 0.2506265664160401,
        "Season 3": 1.0687022900763359,
        "Season 4": 0.2958579881656805,
        "Season 5": 2.059496567505721,
        "Season 6": 0.0,
        "Season 7": 0.37593984962406013,
        "Season 8": 0.0,
        "Season 9": 2.5974025974025974,
        "Season 10": 0.0,
        "Season 11": 0.0,
        "Season 12": 0.38167938931297707,
        "Season 13": 1.0638297872340425,
        "Season 14": 1.4705882352941175,
        "Season 15": 2.398989898989899,
        "Season 16": 0.398406374501992,
        "Season 17": 0.7803790412486065,
        "Season 18": 3.79746835443038
    },
    "Jimmy": {
        "Season 1": 0,
        "Season 2": 0,
        "Season 3": 0.0,
        "Season 4": 0,
        "Season 5": 1.1952191235059761,
        "Season 6": 0.0,
        "Season 7": 0.2484472049689441,
        "Season 8": 1.2547051442910917,
        "Season 9": 2.005730659025788,
        "Season 10": 0.0,
        "Season 11": 2.3255813953488373,
        "Season 12": 1.2269938650306749,
        "Season 13": 1.6771488469601679,
        "Season 14": 0.0,
        "Season 15": 0.0,
        "Season 16": 5.405405405405405,
        "Season 17": 0.78125,
        "Season 18": 0.0
    },
    "Sharon": {
        "Season 1": 0.0,
        "Season 2": 0.3588516746411483,
        "Season 3": 0.7407407407407408,
        "Season 4": 0.3021148036253776,
        "Season 5": 0.975609756097561,
        "Season 6": 0.20242914979757085,
        "Season 7": 0.625,
        "Season 8": 0.49261083743842365,
        "Season 9": 0.625,
        "Season 10": 0.0,
        "Season 11": 0.8928571428571428,
        "Season 12": 0.8968609865470852,
        "Season 13": 1.1764705882352942,
        "Season 14": 0.0,
        "Season 15": 1.2422360248447204,
        "Season 16": 0.4,
        "Season 17": 1.6,
        "Season 18": 1.5228426395939088
    },
    "Announcer": {
        "Season 1": 0.0,
        "Season 2": 0.2597402597402597,
        "Season 3": 0.0,
        "Season 4": 0.36900369003690037,
        "Season 5": 2.898550724637681,
        "Season 6": 0.18761726078799248,
        "Season 7": 0.5681818181818182,
        "Season 8": 0.43478260869565216,
        "Season 9": 0.2898550724637681,
        "Season 10": 0.0,
        "Season 11": 0.0,
        "Season 12": 0.0,
        "Season 13": 1.0101010101010102,
        "Season 14": 0.3058103975535168,
        "Season 15": 3.3333333333333335,
        "Season 16": 0.684931506849315,
        "Season 17": 0.0,
        "Season 18": 1.6107382550335572
    },
    "Jimbo": {
        "Season 1": 2.89532293986637,
        "Season 2": 1.1219147344801794,
        "Season 3": 1.1952191235059761,
        "Season 4": 0.0,
        "Season 5": 1.2658227848101267,
        "Season 6": 5.555555555555555,
        "Season 7": 0.9345794392523363,
        "Season 8": 0.0,
        "Season 9": 2.857142857142857,
        "Season 10": 2.1052631578947367,
        "Season 11": 0.0,
        "Season 12": 0.0,
        "Season 13": 0,
        "Season 14": 1.5873015873015872,